vector,seed,condition,n_total,n_kept,evidence_pct,precision,recall,f1,tp,fp,fn,confidence,decision,correct_decision,decision_correct
exploit_webshell,0,full,500,500,100.0,1.0,1.0,1.0,9,0,0,1.0,isolate,isolate,1
exploit_webshell,0,no_process,500,398,79.6,0.0,0.0,0.0,0,5,9,0.6,investigate,isolate,0
exploit_webshell,0,no_network,500,180,36.0,1.0,0.444,0.615,4,0,5,0.65,investigate,isolate,0
exploit_webshell,0,no_dns,500,336,67.2,1.0,0.667,0.8,6,0,3,1.0,isolate,isolate,1
exploit_webshell,0,no_file,500,453,90.6,1.0,0.778,0.875,7,0,2,1.0,isolate,isolate,1
exploit_webshell,0,no_logon,500,469,93.8,1.0,1.0,1.0,9,0,0,1.0,isolate,isolate,1
exploit_webshell,0,random_10,500,445,89.0,1.0,0.889,0.941,8,0,1,1.0,isolate,isolate,1
exploit_webshell,0,random_25,500,385,77.0,1.0,0.667,0.8,6,0,3,1.0,isolate,isolate,1
exploit_webshell,0,random_50,500,259,51.8,0.0,0.0,0.0,0,5,9,0.35,investigate,isolate,0
exploit_webshell,0,random_75,500,134,26.8,0.0,0.0,0.0,0,5,9,0.35,investigate,isolate,0
exploit_webshell,0,random_90,500,57,11.4,1.0,0.0,0.0,0,0,9,0.0,monitor,isolate,0
exploit_webshell,1,full,500,500,100.0,1.0,1.0,1.0,9,0,0,1.0,isolate,isolate,1
exploit_webshell,1,no_process,500,403,80.6,0.0,0.0,0.0,0,5,9,0.6,investigate,isolate,0
exploit_webshell,1,no_network,500,172,34.4,1.0,0.444,0.615,4,0,5,0.65,investigate,isolate,0
exploit_webshell,1,no_dns,500,346,69.2,1.0,0.667,0.8,6,0,3,1.0,isolate,isolate,1
exploit_webshell,1,no_file,500,457,91.4,1.0,0.778,0.875,7,0,2,1.0,isolate,isolate,1
exploit_webshell,1,no_logon,500,468,93.6,1.0,1.0,1.0,9,0,0,1.0,isolate,isolate,1
exploit_webshell,1,random_10,500,449,89.8,1.0,0.778,0.875,7,0,2,1.0,isolate,isolate,1
exploit_webshell,1,random_25,500,372,74.4,1.0,0.0,0.0,0,0,9,0.0,monitor,isolate,0
exploit_webshell,1,random_50,500,254,50.8,1.0,0.0,0.0,0,0,9,0.0,monitor,isolate,0
exploit_webshell,1,random_75,500,132,26.4,1.0,0.0,0.0,0,0,9,0.0,monitor,isolate,0
exploit_webshell,1,random_90,500,51,10.2,1.0,0.0,0.0,0,0,9,0.0,monitor,isolate,0
exploit_webshell,2,full,500,500,100.0,1.0,1.0,1.0,9,0,0,1.0,isolate,isolate,1
exploit_webshell,2,no_process,500,392,78.4,0.0,0.0,0.0,0,5,9,0.6,investigate,isolate,0
exploit_webshell,2,no_network,500,187,37.4,1.0,0.444,0.615,4,0,5,0.65,investigate,isolate,0
exploit_webshell,2,no_dns,500,338,67.6,1.0,0.667,0.8,6,0,3,1.0,isolate,isolate,1
exploit_webshell,2,no_file,500,453,90.6,1.0,0.778,0.875,7,0,2,1.0,isolate,isolate,1
exploit_webshell,2,no_logon,500,468,93.6,1.0,1.0,1.0,9,0,0,1.0,isolate,isolate,1
exploit_webshell,2,random_10,500,452,90.4,1.0,1.0,1.0,9,0,0,1.0,isolate,isolate,1
exploit_webshell,2,random_25,500,381,76.2,1.0,0.889,0.941,8,0,1,1.0,isolate,isolate,1
exploit_webshell,2,random_50,500,249,49.8,1.0,0.556,0.714,5,0,4,0.75,investigate,isolate,0
exploit_webshell,2,random_75,500,129,25.8,1.0,0.0,0.0,0,0,9,0.0,monitor,isolate,0
exploit_webshell,2,random_90,500,55,11.0,1.0,0.0,0.0,0,0,9,0.0,monitor,isolate,0
exploit_webshell,3,full,500,500,100.0,1.0,1.0,1.0,9,0,0,1.0,isolate,isolate,1
exploit_webshell,3,no_process,500,406,81.2,0.0,0.0,0.0,0,5,9,0.6,investigate,isolate,0
exploit_webshell,3,no_network,500,158,31.6,1.0,0.444,0.615,4,0,5,0.65,investigate,isolate,0
exploit_webshell,3,no_dns,500,324,64.8,1.0,0.667,0.8,6,0,3,1.0,isolate,isolate,1
exploit_webshell,3,no_file,500,463,92.6,1.0,0.778,0.875,7,0,2,1.0,isolate,isolate,1
exploit_webshell,3,no_logon,500,473,94.6,1.0,1.0,1.0,9,0,0,1.0,isolate,isolate,1
exploit_webshell,3,random_10,500,453,90.6,1.0,1.0,1.0,9,0,0,1.0,isolate,isolate,1
exploit_webshell,3,random_25,500,386,77.2,1.0,0.889,0.941,8,0,1,1.0,isolate,isolate,1
exploit_webshell,3,random_50,500,255,51.0,1.0,0.222,0.364,2,0,7,1.0,isolate,isolate,1
exploit_webshell,3,random_75,500,123,24.6,1.0,0.222,0.364,2,0,7,1.0,isolate,isolate,1
exploit_webshell,3,random_90,500,40,8.0,1.0,0.0,0.0,0,0,9,0.0,monitor,isolate,0
exploit_webshell,4,full,500,500,100.0,1.0,1.0,1.0,9,0,0,1.0,isolate,isolate,1
exploit_webshell,4,no_process,500,387,77.4,0.0,0.0,0.0,0,5,9,0.6,investigate,isolate,0
exploit_webshell,4,no_network,500,191,38.2,0.0,0.0,0.0,0,5,9,0.4,investigate,isolate,0
exploit_webshell,4,no_dns,500,343,68.6,1.0,0.667,0.8,6,0,3,1.0,isolate,isolate,1
exploit_webshell,4,no_file,500,454,90.8,1.0,0.778,0.875,7,0,2,1.0,isolate,isolate,1
exploit_webshell,4,no_logon,500,468,93.6,1.0,1.0,1.0,9,0,0,1.0,isolate,isolate,1
exploit_webshell,4,random_10,500,445,89.0,1.0,0.778,0.875,7,0,2,1.0,isolate,isolate,1
exploit_webshell,4,random_25,500,370,74.0,1.0,0.778,0.875,7,0,2,1.0,isolate,isolate,1
exploit_webshell,4,random_50,500,263,52.6,1.0,0.778,0.875,7,0,2,1.0,isolate,isolate,1
exploit_webshell,4,random_75,500,152,30.4,1.0,0.556,0.714,5,0,4,0.75,investigate,isolate,0
exploit_webshell,4,random_90,500,60,12.0,1.0,0.222,0.364,2,0,7,0.4,investigate,isolate,0
phishing_powershell,0,full,500,500,100.0,1.0,1.0,1.0,12,0,0,1.0,isolate,isolate,1
phishing_powershell,0,no_process,500,396,79.2,1.0,0.0,0.0,0,0,12,0.0,monitor,isolate,0
phishing_powershell,0,no_network,500,179,35.8,1.0,0.75,0.857,9,0,3,0.65,investigate,isolate,0
phishing_powershell,0,no_dns,500,338,67.6,1.0,0.917,0.957,11,0,1,1.0,isolate,isolate,1
phishing_powershell,0,no_file,500,457,91.4,1.0,0.667,0.8,8,0,4,0.75,investigate,isolate,0
phishing_powershell,0,no_logon,500,468,93.6,1.0,0.667,0.8,8,0,4,1.0,isolate,isolate,1
phishing_powershell,0,random_10,500,445,89.0,1.0,0.667,0.8,8,0,4,1.0,isolate,isolate,1
phishing_powershell,0,random_25,500,385,77.0,1.0,0.5,0.667,6,0,6,1.0,isolate,isolate,1
phishing_powershell,0,random_50,500,259,51.8,0.0,0.0,0.0,0,1,12,0.4,investigate,isolate,0
phishing_powershell,0,random_75,500,134,26.8,1.0,0.0,0.0,0,0,12,0.0,monitor,isolate,0
phishing_powershell,0,random_90,500,57,11.4,1.0,0.0,0.0,0,0,12,0.0,monitor,isolate,0
phishing_powershell,1,full,500,500,100.0,1.0,1.0,1.0,12,0,0,1.0,isolate,isolate,1
phishing_powershell,1,no_process,500,393,78.6,1.0,0.0,0.0,0,0,12,0.0,monitor,isolate,0
phishing_powershell,1,no_network,500,177,35.4,1.0,0.75,0.857,9,0,3,0.65,investigate,isolate,0
phishing_powershell,1,no_dns,500,353,70.6,1.0,0.917,0.957,11,0,1,1.0,isolate,isolate,1
phishing_powershell,1,no_file,500,460,92.0,1.0,0.667,0.8,8,0,4,0.75,investigate,isolate,0
phishing_powershell,1,no_logon,500,470,94.0,1.0,0.667,0.8,8,0,4,1.0,isolate,isolate,1
phishing_powershell,1,random_10,500,449,89.8,1.0,0.833,0.909,10,0,2,1.0,isolate,isolate,1
phishing_powershell,1,random_25,500,372,74.4,1.0,0.583,0.737,7,0,5,0.75,investigate,isolate,0
phishing_powershell,1,random_50,500,254,50.8,0.0,0.0,0.0,0,2,12,0.4,investigate,isolate,0
phishing_powershell,1,random_75,500,132,26.4,1.0,0.0,0.0,0,0,12,0.0,monitor,isolate,0
phishing_powershell,1,random_90,500,51,10.2,1.0,0.0,0.0,0,0,12,0.0,monitor,isolate,0
phishing_powershell,2,full,500,500,100.0,1.0,1.0,1.0,12,0,0,1.0,isolate,isolate,1
phishing_powershell,2,no_process,500,400,80.0,1.0,0.0,0.0,0,0,12,0.0,monitor,isolate,0
phishing_powershell,2,no_network,500,170,34.0,1.0,0.75,0.857,9,0,3,0.65,investigate,isolate,0
phishing_powershell,2,no_dns,500,325,65.0,1.0,0.917,0.957,11,0,1,1.0,isolate,isolate,1
phishing_powershell,2,no_file,500,461,92.2,1.0,0.667,0.8,8,0,4,0.75,investigate,isolate,0
phishing_powershell,2,no_logon,500,469,93.8,1.0,0.667,0.8,8,0,4,1.0,isolate,isolate,1
phishing_powershell,2,random_10,500,452,90.4,1.0,0.667,0.8,8,0,4,1.0,isolate,isolate,1
phishing_powershell,2,random_25,500,381,76.2,0.0,0.0,0.0,0,5,12,0.4,investigate,isolate,0
phishing_powershell,2,random_50,500,249,49.8,1.0,0.25,0.4,3,0,9,0.75,investigate,isolate,0
phishing_powershell,2,random_75,500,129,25.8,1.0,0.083,0.154,1,0,11,0.4,investigate,isolate,0
phishing_powershell,2,random_90,500,55,11.0,1.0,0.0,0.0,0,0,12,0.0,monitor,isolate,0
phishing_powershell,3,full,500,500,100.0,1.0,1.0,1.0,12,0,0,1.0,isolate,isolate,1
phishing_powershell,3,no_process,500,404,80.8,1.0,0.0,0.0,0,0,12,0.0,monitor,isolate,0
phishing_powershell,3,no_network,500,166,33.2,1.0,0.75,0.857,9,0,3,0.65,investigate,isolate,0
phishing_powershell,3,no_dns,500,333,66.6,1.0,0.917,0.957,11,0,1,1.0,isolate,isolate,1
phishing_powershell,3,no_file,500,459,91.8,1.0,0.667,0.8,8,0,4,0.75,investigate,isolate,0
phishing_powershell,3,no_logon,500,471,94.2,1.0,0.667,0.8,8,0,4,1.0,isolate,isolate,1
phishing_powershell,3,random_10,500,453,90.6,1.0,1.0,1.0,12,0,0,1.0,isolate,isolate,1
phishing_powershell,3,random_25,500,386,77.2,1.0,1.0,1.0,12,0,0,1.0,isolate,isolate,1
phishing_powershell,3,random_50,500,255,51.0,1.0,0.083,0.154,1,0,11,0.75,investigate,isolate,0
phishing_powershell,3,random_75,500,123,24.6,1.0,0.083,0.154,1,0,11,0.35,investigate,isolate,0
phishing_powershell,3,random_90,500,40,8.0,1.0,0.0,0.0,0,0,12,0.0,monitor,isolate,0
phishing_powershell,4,full,500,500,100.0,1.0,1.0,1.0,12,0,0,1.0,isolate,isolate,1
phishing_powershell,4,no_process,500,392,78.4,1.0,0.0,0.0,0,0,12,0.0,monitor,isolate,0
phishing_powershell,4,no_network,500,181,36.2,1.0,0.75,0.857,9,0,3,0.65,investigate,isolate,0
phishing_powershell,4,no_dns,500,344,68.8,1.0,0.917,0.957,11,0,1,1.0,isolate,isolate,1
phishing_powershell,4,no_file,500,458,91.6,1.0,0.667,0.8,8,0,4,0.75,investigate,isolate,0
phishing_powershell,4,no_logon,500,469,93.8,1.0,0.667,0.8,8,0,4,1.0,isolate,isolate,1
phishing_powershell,4,random_10,500,445,89.0,1.0,0.917,0.957,11,0,1,1.0,isolate,isolate,1
phishing_powershell,4,random_25,500,370,74.0,1.0,0.583,0.737,7,0,5,1.0,isolate,isolate,1
phishing_powershell,4,random_50,500,263,52.6,1.0,0.583,0.737,7,0,5,1.0,isolate,isolate,1
phishing_powershell,4,random_75,500,152,30.4,1.0,0.417,0.588,5,0,7,0.4,investigate,isolate,0
phishing_powershell,4,random_90,500,60,12.0,1.0,0.0,0.0,0,0,12,0.0,monitor,isolate,0
